{"cameraMode":{"drawMode":0,"name":"Shaded","section":"Shading Mode"},"sceneLighting":true,"audioPlay":false,"sceneViewState":{"showFog":false,"showMaterialUpdate":true,"showSkybox":true,"showFlares":true,"showImageEffects":true,"showParticleSystems":true},"in2DMode":false,"pivot":{"x":117.4564208984375,"y":-147.0960693359375,"z":494.622314453125},"rotation":{"x":0.14273300766944886,"y":-0.7482911944389343,"z":0.1746094673871994,"w":0.6243483424186707},"size":615.55810546875,"orthographic":false}