{"cameraMode":{"drawMode":0,"name":"Shaded","section":"Shading Mode"},"sceneLighting":true,"audioPlay":false,"sceneViewState":{"showFog":false,"showMaterialUpdate":true,"showSkybox":true,"showFlares":true,"showImageEffects":true,"showParticleSystems":true},"in2DMode":false,"pivot":{"x":571.4881591796875,"y":-38.11921691894531,"z":1157.6904296875},"rotation":{"x":0.12039561569690705,"y":-0.047346293926239017,"z":0.008057037368416787,"w":0.9918766021728516},"size":587.8579711914063,"orthographic":false}