{"cameraMode":{"drawMode":0,"name":"Shaded","section":"Shading Mode"},"sceneLighting":true,"audioPlay":false,"sceneViewState":{"showFog":false,"showMaterialUpdate":true,"showSkybox":true,"showFlares":true,"showImageEffects":true,"showParticleSystems":true},"in2DMode":false,"pivot":{"x":268.0979309082031,"y":100.9645767211914,"z":36.30263137817383},"rotation":{"x":0.12374908477067948,"y":0.3447033762931824,"z":-0.045777250081300738,"w":0.9295588731765747},"size":8.496201515197754,"orthographic":false}