{"cameraMode":{"drawMode":0,"name":"Shaded","section":"Shading Mode"},"sceneLighting":true,"audioPlay":false,"sceneViewState":{"showFog":false,"showMaterialUpdate":true,"showSkybox":true,"showFlares":true,"showImageEffects":true,"showParticleSystems":true},"in2DMode":false,"pivot":{"x":266.8986511230469,"y":101.29413604736328,"z":35.56678771972656},"rotation":{"x":0.046561501920223239,"y":0.7110700607299805,"z":-0.04715876653790474,"w":0.700208842754364},"size":17.445138931274415,"orthographic":false}