{"cameraMode":{"drawMode":0,"name":"Shaded","section":"Shading Mode"},"sceneLighting":true,"audioPlay":false,"sceneViewState":{"showFog":false,"showMaterialUpdate":true,"showSkybox":true,"showFlares":true,"showImageEffects":true,"showParticleSystems":true},"in2DMode":false,"pivot":{"x":824.587890625,"y":58.04703140258789,"z":143.9102020263672},"rotation":{"x":-0.007869787514209748,"y":-0.9881412386894226,"z":0.03916196525096893,"w":-0.14982809126377107},"size":691.700439453125,"orthographic":false}