{"cameraMode":{"drawMode":0,"name":"Shaded","section":"Shading Mode"},"sceneLighting":false,"audioPlay":false,"sceneViewState":{"showFog":false,"showMaterialUpdate":true,"showSkybox":false,"showFlares":true,"showImageEffects":true,"showParticleSystems":true},"in2DMode":false,"pivot":{"x":0.6301746368408203,"y":-0.012727618217468262,"z":2.645521640777588},"rotation":{"x":0.08301407098770142,"y":-0.4230138957500458,"z":0.03892701119184494,"w":0.901558518409729},"size":10.541277885437012,"orthographic":false}