{"cameraMode":{"drawMode":0,"name":"Shaded","section":"Shading Mode"},"sceneLighting":true,"audioPlay":false,"sceneViewState":{"showFog":false,"showMaterialUpdate":true,"showSkybox":true,"showFlares":true,"showImageEffects":true,"showParticleSystems":true},"in2DMode":false,"pivot":{"x":349.92987060546877,"y":-68.22824096679688,"z":802.441650390625},"rotation":{"x":0.16341280937194825,"y":-0.3264693021774292,"z":0.059976976364851,"w":0.9293317794799805},"size":874.41845703125,"orthographic":false}