{"cameraMode":{"drawMode":0,"name":"Shaded","section":"Shading Mode"},"sceneLighting":true,"audioPlay":false,"sceneViewState":{"showFog":false,"showMaterialUpdate":true,"showSkybox":true,"showFlares":true,"showImageEffects":true,"showParticleSystems":true},"in2DMode":false,"pivot":{"x":71.43123626708985,"y":-128.54022216796876,"z":561.5377197265625},"rotation":{"x":-0.18136484920978547,"y":0.6149992346763611,"z":-0.15057407319545747,"w":-0.7527783513069153},"size":691.700439453125,"orthographic":false}