{"cameraMode":{"drawMode":0,"name":"Shaded","section":"Shading Mode"},"sceneLighting":true,"audioPlay":false,"sceneViewState":{"showFog":false,"showMaterialUpdate":true,"showSkybox":true,"showFlares":true,"showImageEffects":true,"showParticleSystems":true},"in2DMode":false,"pivot":{"x":631.7496337890625,"y":99.72747039794922,"z":582.3843383789063},"rotation":{"x":-0.12116760015487671,"y":0.43553146719932558,"z":-0.059294022619724277,"w":-0.890009880065918},"size":2.8578836917877199,"orthographic":false}