{"cameraMode":{"drawMode":0,"name":"Shaded","section":"Shading Mode"},"sceneLighting":true,"audioPlay":false,"sceneViewState":{"showFog":false,"showMaterialUpdate":true,"showSkybox":true,"showFlares":true,"showImageEffects":true,"showParticleSystems":true},"in2DMode":false,"pivot":{"x":265.6382141113281,"y":100.7640151977539,"z":40.6532096862793},"rotation":{"x":0.00933562871068716,"y":-0.9898554086685181,"z":0.07617240399122238,"w":0.12042558938264847},"size":8.712520599365235,"orthographic":false}