{"cameraMode":{"drawMode":0,"name":"Shaded","section":"Shading Mode"},"sceneLighting":true,"audioPlay":false,"sceneViewState":{"showFog":false,"showMaterialUpdate":true,"showSkybox":true,"showFlares":true,"showImageEffects":true,"showParticleSystems":true},"in2DMode":false,"pivot":{"x":570.3626098632813,"y":-152.21974182128907,"z":1100.0662841796875},"rotation":{"x":0.22798573970794679,"y":-0.05202120915055275,"z":0.01453585084527731,"w":0.972484290599823},"size":587.8579711914063,"orthographic":false}