{"cameraMode":{"drawMode":0,"name":"Shaded","section":"Shading Mode"},"sceneLighting":true,"audioPlay":false,"sceneViewState":{"showFog":false,"showMaterialUpdate":true,"showSkybox":true,"showFlares":true,"showImageEffects":true,"showParticleSystems":true},"in2DMode":false,"pivot":{"x":264.92535400390627,"y":101.62679290771485,"z":43.676937103271487},"rotation":{"x":0.03865743428468704,"y":0.9614354372024536,"z":-0.1962045133113861,"w":0.18942342698574067},"size":2.7577407360076906,"orthographic":false}