{"cameraMode":{"drawMode":0,"name":"Shaded","section":"Shading Mode"},"sceneLighting":true,"audioPlay":false,"sceneViewState":{"showFog":false,"showMaterialUpdate":true,"showSkybox":true,"showFlares":true,"showImageEffects":true,"showParticleSystems":true},"in2DMode":false,"pivot":{"x":152.34832763671876,"y":10.249282836914063,"z":265.156982421875},"rotation":{"x":-0.24476853013038636,"y":-0.6110862493515015,"z":0.20625877380371095,"w":-0.7240451574325562},"size":223.36106872558595,"orthographic":false}