{"cameraMode":{"drawMode":0,"name":"Shaded","section":"Shading Mode"},"sceneLighting":false,"audioPlay":false,"sceneViewState":{"showFog":false,"showMaterialUpdate":true,"showSkybox":false,"showFlares":true,"showImageEffects":true,"showParticleSystems":true},"in2DMode":false,"pivot":{"x":31.13755226135254,"y":-2.519756555557251,"z":11.217069625854493},"rotation":{"x":0.08886730670928955,"y":-0.646405816078186,"z":0.07617823779582977,"w":0.7540549039840698},"size":0.6153964996337891,"orthographic":false}