{"cameraMode":{"drawMode":0,"name":"Shaded","section":"Shading Mode"},"sceneLighting":true,"audioPlay":false,"sceneViewState":{"showFog":false,"showMaterialUpdate":true,"showSkybox":true,"showFlares":true,"showImageEffects":true,"showParticleSystems":true},"in2DMode":false,"pivot":{"x":211.69642639160157,"y":88.562744140625,"z":179.5145263671875},"rotation":{"x":0.18288515508174897,"y":0.6507322192192078,"z":-0.16563452780246736,"w":0.718141496181488},"size":438.64697265625,"orthographic":false}