{"cameraMode":{"drawMode":0,"name":"Shaded","section":"Shading Mode"},"sceneLighting":false,"audioPlay":false,"sceneViewState":{"showFog":false,"showMaterialUpdate":true,"showSkybox":false,"showFlares":true,"showImageEffects":true,"showParticleSystems":true},"in2DMode":false,"pivot":{"x":355.27935791015627,"y":61.426124572753909,"z":186.48622131347657},"rotation":{"x":-0.04192462936043739,"y":0.9570911526679993,"z":-0.21796321868896485,"w":-0.18691812455654145},"size":22.0,"orthographic":false}