{"cameraMode":{"drawMode":0,"name":"Shaded","section":"Shading Mode"},"sceneLighting":false,"audioPlay":false,"sceneViewState":{"showFog":false,"showMaterialUpdate":true,"showSkybox":false,"showFlares":true,"showImageEffects":true,"showParticleSystems":true},"in2DMode":false,"pivot":{"x":393.3399658203125,"y":67.27074432373047,"z":225.42625427246095},"rotation":{"x":0.0970693826675415,"y":0.5104476809501648,"z":-0.05702841654419899,"w":0.8527613282203674},"size":15.221227645874024,"orthographic":false}