{"cameraMode":{"drawMode":0,"name":"Shaded","section":"Shading Mode"},"sceneLighting":true,"audioPlay":false,"sceneViewState":{"showFog":false,"showMaterialUpdate":true,"showSkybox":true,"showFlares":true,"showImageEffects":true,"showParticleSystems":true},"in2DMode":false,"pivot":{"x":175.15023803710938,"y":64.45272064208985,"z":57.66082763671875},"rotation":{"x":0.1467507928609848,"y":-0.6287362575531006,"z":0.122465580701828,"w":0.7538406252861023},"size":114.07868957519531,"orthographic":false}