{"cameraMode":{"drawMode":0,"name":"Shaded","section":"Shading Mode"},"sceneLighting":true,"audioPlay":false,"sceneViewState":{"showFog":false,"showMaterialUpdate":true,"showSkybox":true,"showFlares":true,"showImageEffects":true,"showParticleSystems":true},"in2DMode":false,"pivot":{"x":266.47412109375,"y":107.11034393310547,"z":36.28716278076172},"rotation":{"x":-0.1607959121465683,"y":0.7125704884529114,"z":-0.1735052615404129,"w":-0.6605887413024902},"size":3.9166324138641359,"orthographic":false}