{"cameraMode":{"drawMode":0,"name":"Shaded","section":"Shading Mode"},"sceneLighting":false,"audioPlay":false,"sceneViewState":{"showFog":false,"showMaterialUpdate":true,"showSkybox":false,"showFlares":true,"showImageEffects":true,"showParticleSystems":true},"in2DMode":false,"pivot":{"x":164.4915008544922,"y":4.212203502655029,"z":209.41445922851563},"rotation":{"x":-0.16971872746944428,"y":-0.7162603139877319,"z":0.18664473295211793,"w":-0.6508176922798157},"size":47.830055236816409,"orthographic":false}