{"cameraMode":{"drawMode":0,"name":"Shaded","section":"Shading Mode"},"sceneLighting":true,"audioPlay":false,"sceneViewState":{"showFog":false,"showMaterialUpdate":true,"showSkybox":true,"showFlares":true,"showImageEffects":true,"showParticleSystems":true},"in2DMode":false,"pivot":{"x":637.7679443359375,"y":105.05906677246094,"z":585.2222900390625},"rotation":{"x":0.10942709445953369,"y":0.6232945919036865,"z":-0.0886676013469696,"w":0.7692044973373413},"size":2.8578836917877199,"orthographic":false}