{"cameraMode":{"drawMode":0,"name":"Shaded","section":"Shading Mode"},"sceneLighting":false,"audioPlay":false,"sceneViewState":{"showFog":false,"showMaterialUpdate":true,"showSkybox":false,"showFlares":true,"showImageEffects":true,"showParticleSystems":true},"in2DMode":false,"pivot":{"x":-3.670503616333008,"y":2.4172191619873049,"z":6.086803436279297},"rotation":{"x":0.009348752908408642,"y":-0.8500747680664063,"z":-0.015388255007565022,"w":-0.526570200920105},"size":34.73435974121094,"orthographic":false}