{"cameraMode":{"drawMode":0,"name":"Shaded","section":"Shading Mode"},"sceneLighting":true,"audioPlay":false,"sceneViewState":{"showFog":false,"showMaterialUpdate":true,"showSkybox":true,"showFlares":true,"showImageEffects":true,"showParticleSystems":true},"in2DMode":false,"pivot":{"x":65.76669311523438,"y":-48.57012939453125,"z":-71.23629760742188},"rotation":{"x":-0.15135648846626283,"y":0.81745845079422,"z":-0.24917231500148774,"w":-0.4969359338283539},"size":293.97613525390627,"orthographic":false}