{"cameraMode":{"drawMode":0,"name":"Shaded","section":"Shading Mode"},"sceneLighting":true,"audioPlay":false,"sceneViewState":{"showFog":false,"showMaterialUpdate":true,"showSkybox":true,"showFlares":true,"showImageEffects":true,"showParticleSystems":true},"in2DMode":false,"pivot":{"x":394.7353210449219,"y":-94.54244995117188,"z":82.78131103515625},"rotation":{"x":0.04072749242186546,"y":-0.955604612827301,"z":0.1753145158290863,"w":0.23460157215595246},"size":615.55810546875,"orthographic":false}