{"cameraMode":{"drawMode":0,"name":"Shaded","section":"Shading Mode"},"sceneLighting":false,"audioPlay":false,"sceneViewState":{"showFog":false,"showMaterialUpdate":true,"showSkybox":false,"showFlares":true,"showImageEffects":true,"showParticleSystems":true},"in2DMode":false,"pivot":{"x":7.655374526977539,"y":7.9317121505737309,"z":3.55976939201355},"rotation":{"x":-0.013178110122680664,"y":-0.7420520186424255,"z":0.014370175078511238,"w":-0.6702285408973694},"size":36.206363677978519,"orthographic":false}