{"cameraMode":{"drawMode":0,"name":"Shaded","section":"Shading Mode"},"sceneLighting":false,"audioPlay":false,"sceneViewState":{"showFog":false,"showMaterialUpdate":true,"showSkybox":false,"showFlares":true,"showImageEffects":true,"showParticleSystems":true},"in2DMode":false,"pivot":{"x":-0.000020994841179344803,"y":-0.0000027378630420571428,"z":-0.00002424183185212314},"rotation":{"x":-0.017405379563570024,"y":-0.5426808595657349,"z":-0.01118723675608635,"w":0.8397766351699829},"size":0.00005715767838410102,"orthographic":false}