{"cameraMode":{"drawMode":0,"name":"Shaded","section":"Shading Mode"},"sceneLighting":true,"audioPlay":false,"sceneViewState":{"showFog":false,"showMaterialUpdate":true,"showSkybox":true,"showFlares":true,"showImageEffects":true,"showParticleSystems":true},"in2DMode":false,"pivot":{"x":260.11602783203127,"y":100.94503784179688,"z":37.421329498291019},"rotation":{"x":0.055239468812942508,"y":-0.5213811993598938,"z":0.033818043768405917,"w":0.8509530425071716},"size":10.693881034851075,"orthographic":false}