{"cameraMode":{"drawMode":0,"name":"Shaded","section":"Shading Mode"},"sceneLighting":true,"audioPlay":false,"sceneViewState":{"showFog":false,"showMaterialUpdate":true,"showSkybox":true,"showFlares":true,"showImageEffects":true,"showParticleSystems":true},"in2DMode":false,"pivot":{"x":284.2098693847656,"y":105.08903503417969,"z":31.882272720336915},"rotation":{"x":-0.24089837074279786,"y":0.521375298500061,"z":-0.15646615624427796,"w":-0.8037201762199402},"size":13.00404167175293,"orthographic":false}