{"cameraMode":{"drawMode":0,"name":"Shaded","section":"Shading Mode"},"sceneLighting":true,"audioPlay":false,"sceneViewState":{"showFog":false,"showMaterialUpdate":true,"showSkybox":true,"showFlares":true,"showImageEffects":true,"showParticleSystems":true},"in2DMode":false,"pivot":{"x":562.9920043945313,"y":-75.8721694946289,"z":302.9085998535156},"rotation":{"x":-0.000047677891416242346,"y":-0.9953833222389221,"z":0.09735584259033203,"w":-0.005589224398136139},"size":558.4564819335938,"orthographic":false}