{"cameraMode":{"drawMode":0,"name":"Shaded","section":"Shading Mode"},"sceneLighting":false,"audioPlay":false,"sceneViewState":{"showFog":false,"showMaterialUpdate":true,"showSkybox":false,"showFlares":true,"showImageEffects":true,"showParticleSystems":true},"in2DMode":false,"pivot":{"x":0.1190643310546875,"y":9.041373252868653,"z":11.019179344177246},"rotation":{"x":-0.013178110122680664,"y":-0.7420520186424255,"z":0.014370175078511238,"w":-0.6702285408973694},"size":39.50837326049805,"orthographic":false}