{"cameraMode":{"drawMode":0,"name":"Shaded","section":"Shading Mode"},"sceneLighting":true,"audioPlay":false,"sceneViewState":{"showFog":false,"showMaterialUpdate":true,"showSkybox":true,"showFlares":true,"showImageEffects":true,"showParticleSystems":true},"in2DMode":false,"pivot":{"x":981.6724853515625,"y":-283.1516418457031,"z":792.1240234375},"rotation":{"x":-0.1946416050195694,"y":-0.7540691494941711,"z":0.25734904408454897,"w":-0.5723317265510559},"size":558.4564819335938,"orthographic":false}