{"cameraMode":{"drawMode":0,"name":"Shaded","section":"Shading Mode"},"sceneLighting":true,"audioPlay":false,"sceneViewState":{"showFog":true,"showMaterialUpdate":false,"showSkybox":true,"showFlares":true,"showImageEffects":true,"showParticleSystems":true},"in2DMode":false,"pivot":{"x":-2.7067043781280519,"y":0.680156946182251,"z":2.0952115058898927},"rotation":{"x":-0.00767000624909997,"y":0.9522424340248108,"z":-0.30430448055267336,"w":-0.024000992998480798},"size":10.21338176727295,"orthographic":false}