{"cameraMode":{"drawMode":0,"name":"Shaded","section":"Shading Mode"},"sceneLighting":false,"audioPlay":false,"sceneViewState":{"showFog":false,"showMaterialUpdate":true,"showSkybox":false,"showFlares":true,"showImageEffects":true,"showParticleSystems":true},"in2DMode":false,"pivot":{"x":0.000017969938198802993,"y":1.0037990808486939,"z":0.005436486564576626},"rotation":{"x":0.027522288262844087,"y":-0.9713500738143921,"z":0.18916332721710206,"w":0.1422259360551834},"size":22.0,"orthographic":false}