{"cameraMode":{"drawMode":0,"name":"Shaded","section":"Shading Mode"},"sceneLighting":false,"audioPlay":false,"sceneViewState":{"showFog":false,"showMaterialUpdate":true,"showSkybox":false,"showFlares":true,"showImageEffects":true,"showParticleSystems":true},"in2DMode":false,"pivot":{"x":157.2134552001953,"y":6.764039993286133,"z":209.61666870117188},"rotation":{"x":-0.16971872746944428,"y":-0.7162603139877319,"z":0.18664473295211793,"w":-0.6508176922798157},"size":52.220481872558597,"orthographic":false}