{"cameraMode":{"drawMode":0,"name":"Shaded","section":"Shading Mode"},"sceneLighting":false,"audioPlay":false,"sceneViewState":{"showFog":false,"showMaterialUpdate":true,"showSkybox":false,"showFlares":true,"showImageEffects":true,"showParticleSystems":true},"in2DMode":false,"pivot":{"x":-3.2202844619750978,"y":0.07707154750823975,"z":5.040946006774902},"rotation":{"x":-0.042820218950510028,"y":-0.2844483256340027,"z":-0.012753098271787167,"w":0.9577304720878601},"size":-8.37828540802002,"orthographic":false}