{"cameraMode":{"drawMode":0,"name":"Shaded","section":"Shading Mode"},"sceneLighting":true,"audioPlay":false,"sceneViewState":{"showFog":false,"showMaterialUpdate":true,"showSkybox":true,"showFlares":true,"showImageEffects":true,"showParticleSystems":true},"in2DMode":false,"pivot":{"x":266.3057556152344,"y":-92.29622650146485,"z":798.1279907226563},"rotation":{"x":0.18204809725284577,"y":-0.4741957485675812,"z":0.10350080579519272,"w":0.8554998636245728},"size":481.5552978515625,"orthographic":false}