{"cameraMode":{"drawMode":0,"name":"Shaded","section":"Shading Mode"},"sceneLighting":true,"audioPlay":false,"sceneViewState":{"showFog":false,"showMaterialUpdate":true,"showSkybox":true,"showFlares":true,"showImageEffects":true,"showParticleSystems":true},"in2DMode":false,"pivot":{"x":-5.48297119140625,"y":-191.99365234375,"z":261.4490051269531},"rotation":{"x":0.1038409098982811,"y":-0.8283174633979797,"z":0.1681920737028122,"w":0.5248251557350159},"size":793.533203125,"orthographic":false}