{"cameraMode":{"drawMode":0,"name":"Shaded","section":"Shading Mode"},"sceneLighting":true,"audioPlay":false,"sceneViewState":{"showFog":false,"showMaterialUpdate":true,"showSkybox":true,"showFlares":true,"showImageEffects":true,"showParticleSystems":true},"in2DMode":false,"pivot":{"x":249.24610900878907,"y":96.93043518066406,"z":38.7047004699707},"rotation":{"x":0.0814407542347908,"y":-0.8294398188591003,"z":0.1256723254919052,"w":0.5382647514343262},"size":26.824386596679689,"orthographic":false}