{"cameraMode":{"drawMode":0,"name":"Shaded","section":"Shading Mode"},"sceneLighting":true,"audioPlay":false,"sceneViewState":{"showFog":false,"showMaterialUpdate":true,"showSkybox":true,"showFlares":true,"showImageEffects":true,"showParticleSystems":true},"in2DMode":false,"pivot":{"x":410.3911437988281,"y":105.21432495117188,"z":131.7610626220703},"rotation":{"x":0.043886035680770877,"y":-0.9562978744506836,"z":0.19963137805461884,"w":0.21002450585365296},"size":20.46194839477539,"orthographic":false}