{"cameraMode":{"drawMode":0,"name":"Shaded","section":"Shading Mode"},"sceneLighting":true,"audioPlay":false,"sceneViewState":{"showFog":false,"showMaterialUpdate":true,"showSkybox":true,"showFlares":true,"showImageEffects":true,"showParticleSystems":true},"in2DMode":false,"pivot":{"x":290.9754333496094,"y":101.378173828125,"z":21.394290924072267},"rotation":{"x":0.012012584134936333,"y":0.9851940870285034,"z":-0.07730592787265778,"w":0.15288543701171876},"size":20.24197006225586,"orthographic":false}