{"cameraMode":{"drawMode":0,"name":"Shaded","section":"Shading Mode"},"sceneLighting":false,"audioPlay":false,"sceneViewState":{"showFog":false,"showMaterialUpdate":true,"showSkybox":false,"showFlares":true,"showImageEffects":true,"showParticleSystems":true},"in2DMode":false,"pivot":{"x":35.043190002441409,"y":19.52594566345215,"z":50.40214538574219},"rotation":{"x":0.12837247550487519,"y":0.7609696388244629,"z":-0.1586190164089203,"w":0.6158676743507385},"size":33.683963775634769,"orthographic":false}