{"cameraMode":{"drawMode":0,"name":"Shaded","section":"Shading Mode"},"sceneLighting":false,"audioPlay":false,"sceneViewState":{"showFog":false,"showMaterialUpdate":true,"showSkybox":false,"showFlares":true,"showImageEffects":true,"showParticleSystems":true},"in2DMode":false,"pivot":{"x":0.00007876592280808836,"y":0.000048117573896888644,"z":-0.000020798561308765784},"rotation":{"x":-0.38184988498687746,"y":0.5752706527709961,"z":0.3458588123321533,"w":0.635445773601532},"size":0.00005715767838410102,"orthographic":false}