{"cameraMode":{"drawMode":0,"name":"Shaded","section":"Shading Mode"},"sceneLighting":true,"audioPlay":false,"sceneViewState":{"showFog":false,"showMaterialUpdate":true,"showSkybox":true,"showFlares":true,"showImageEffects":true,"showParticleSystems":true},"in2DMode":false,"pivot":{"x":260.44989013671877,"y":101.15855407714844,"z":35.027828216552737},"rotation":{"x":0.046305108815431598,"y":-0.520085334777832,"z":0.02833186835050583,"w":0.8524355888366699},"size":4.954130172729492,"orthographic":false}