{"cameraMode":{"drawMode":0,"name":"Shaded","section":"Shading Mode"},"sceneLighting":true,"audioPlay":false,"sceneViewState":{"showFog":false,"showMaterialUpdate":true,"showSkybox":true,"showFlares":true,"showImageEffects":true,"showParticleSystems":true},"in2DMode":false,"pivot":{"x":579.9453125,"y":277.8746337890625,"z":535.3255615234375},"rotation":{"x":0.01484676543623209,"y":-0.9838605523109436,"z":0.14900816977024079,"w":0.09801176190376282},"size":101.7951431274414,"orthographic":false}