{"cameraMode":{"drawMode":0,"name":"Shaded","section":"Shading Mode"},"sceneLighting":true,"audioPlay":false,"sceneViewState":{"showFog":false,"showMaterialUpdate":true,"showSkybox":true,"showFlares":true,"showImageEffects":true,"showParticleSystems":true},"in2DMode":false,"pivot":{"x":423.5821533203125,"y":-53.99334716796875,"z":474.4200439453125},"rotation":{"x":-0.02215193398296833,"y":0.9760469198226929,"z":-0.17946378886699677,"w":-0.12243290990591049},"size":434.0792236328125,"orthographic":false}