{"cameraMode":{"drawMode":0,"name":"Shaded","section":"Shading Mode"},"sceneLighting":false,"audioPlay":false,"sceneViewState":{"showFog":false,"showMaterialUpdate":true,"showSkybox":false,"showFlares":true,"showImageEffects":true,"showParticleSystems":true},"in2DMode":false,"pivot":{"x":1472.11083984375,"y":82.62274169921875,"z":1592.638671875},"rotation":{"x":-0.16845563054084779,"y":-0.6228756308555603,"z":0.13953343033790589,"w":-0.7512738108634949},"size":5.677490234375,"orthographic":false}