{"cameraMode":{"drawMode":0,"name":"Shaded","section":"Shading Mode"},"sceneLighting":true,"audioPlay":false,"sceneViewState":{"showFog":false,"showMaterialUpdate":true,"showSkybox":true,"showFlares":true,"showImageEffects":true,"showParticleSystems":true},"in2DMode":false,"pivot":{"x":241.53128051757813,"y":31.559667587280275,"z":362.8533630371094},"rotation":{"x":0.18074031174182893,"y":0.1148582473397255,"z":-0.021281270310282708,"w":0.9766361117362976},"size":2.560245990753174,"orthographic":false}