{"cameraMode":{"drawMode":0,"name":"Shaded","section":"Shading Mode"},"sceneLighting":false,"audioPlay":false,"sceneViewState":{"showFog":false,"showMaterialUpdate":true,"showSkybox":false,"showFlares":true,"showImageEffects":true,"showParticleSystems":true},"in2DMode":false,"pivot":{"x":1476.00927734375,"y":82.30140686035156,"z":1602.5228271484375},"rotation":{"x":-0.09255344420671463,"y":-0.7569693922996521,"z":0.10968441516160965,"w":-0.6376786828041077},"size":4.722612380981445,"orthographic":false}