{"cameraMode":{"drawMode":0,"name":"Shaded","section":"Shading Mode"},"sceneLighting":true,"audioPlay":false,"sceneViewState":{"showFog":false,"showMaterialUpdate":true,"showSkybox":true,"showFlares":true,"showImageEffects":true,"showParticleSystems":true},"in2DMode":false,"pivot":{"x":198.8385467529297,"y":-51.45263671875,"z":662.3707885742188},"rotation":{"x":-0.1276189684867859,"y":0.6400983333587647,"z":-0.11176423728466034,"w":-0.7497332692146301},"size":481.3592834472656,"orthographic":false}