{"cameraMode":{"drawMode":0,"name":"Shaded","section":"Shading Mode"},"sceneLighting":true,"audioPlay":false,"sceneViewState":{"showFog":false,"showMaterialUpdate":true,"showSkybox":true,"showFlares":true,"showImageEffects":true,"showParticleSystems":true},"in2DMode":false,"pivot":{"x":264.4010314941406,"y":99.73164367675781,"z":39.88079071044922},"rotation":{"x":-0.002883064327761531,"y":0.9934314489364624,"z":-0.11254874616861344,"w":-0.025807535275816919},"size":7.13630485534668,"orthographic":false}