{"cameraMode":{"drawMode":0,"name":"Shaded","section":"Shading Mode"},"sceneLighting":true,"audioPlay":false,"sceneViewState":{"showFog":false,"showMaterialUpdate":true,"showSkybox":true,"showFlares":true,"showImageEffects":true,"showParticleSystems":true},"in2DMode":false,"pivot":{"x":265.9358215332031,"y":103.93995666503906,"z":36.30109405517578},"rotation":{"x":-0.009398376569151879,"y":-0.9663350582122803,"z":0.2553120255470276,"w":-0.034900955855846408},"size":6.135093688964844,"orthographic":false}