{"cameraMode":{"drawMode":0,"name":"Shaded","section":"Shading Mode"},"sceneLighting":false,"audioPlay":false,"sceneViewState":{"showFog":false,"showMaterialUpdate":true,"showSkybox":false,"showFlares":true,"showImageEffects":true,"showParticleSystems":true},"in2DMode":false,"pivot":{"x":197.3007354736328,"y":-12.533101081848145,"z":206.50096130371095},"rotation":{"x":-0.16971872746944428,"y":-0.7162603139877319,"z":0.18664473295211793,"w":-0.6508176922798157},"size":61.266937255859378,"orthographic":false}