{"cameraMode":{"drawMode":0,"name":"Shaded","section":"Shading Mode"},"sceneLighting":true,"audioPlay":false,"sceneViewState":{"showFog":false,"showMaterialUpdate":true,"showSkybox":true,"showFlares":true,"showImageEffects":true,"showParticleSystems":true},"in2DMode":false,"pivot":{"x":435.7281799316406,"y":-2.9201316833496095,"z":332.18035888671877},"rotation":{"x":-0.22711388766765595,"y":-0.5560221672058106,"z":0.1614110767841339,"w":-0.783334493637085},"size":818.0802612304688,"orthographic":false}